Раздел,Показатель,Единица измерения,Период,Тип периода,Год,Квартал,Скорректированный период,Значение исходное,Значение,Статус преобразования
Чистая розничная выручка (1),Пятёрочка (2),млн руб.,2024 Скорр.,год,2024,,True,3114117,3114117.0,число
Чистая розничная выручка (1),"Пятёрочка (2) — рост г-к-г,%",%,2024 Скорр.,год,2024,,True,,,исходный пропуск
Чистая розничная выручка (1),Перекрёсток,млн руб.,2024 Скорр.,год,2024,,True,490991,490991.0,число
Чистая розничная выручка (1),"Перекрёсток — рост г-к-г,%",%,2024 Скорр.,год,2024,,True,,,исходный пропуск
Чистая розничная выручка (1),Чижик,млн руб.,2024 Скорр.,год,2024,,True,249501,249501.0,число
Чистая розничная выручка (1),"Чижик — рост г-к-г,%",%,2024 Скорр.,год,2024,,True,,,исходный пропуск
Чистая розничная выручка (1),Итого (3),млн руб.,2024 Скорр.,год,2024,,True,3861420,3861420.0,число
Чистая розничная выручка (1),"Итого (3) — рост г-к-г,%",%,2024 Скорр.,год,2024,,True,,,исходный пропуск
LFL - Пятёрочка (2),Продажи,%,2024 Скорр.,год,2024,,True,0.14,0.14,число
LFL - Пятёрочка (2),Трафик,%,2024 Скорр.,год,2024,,True,0.029,0.029,число
LFL - Пятёрочка (2),Средний чек,%,2024 Скорр.,год,2024,,True,0.107,0.107,число
LFL - Перекрёсток,Продажи,%,2024 Скорр.,год,2024,,True,0.145,0.145,число
LFL - Перекрёсток,Трафик,%,2024 Скорр.,год,2024,,True,0.025,0.025,число
LFL - Перекрёсток,Средний чек,%,2024 Скорр.,год,2024,,True,0.117,0.117,число
LFL - Чижик,Продажи,%,2024 Скорр.,год,2024,,True,,,исходный пропуск
LFL - Чижик,Трафик,%,2024 Скорр.,год,2024,,True,,,исходный пропуск
LFL - Чижик,Средний чек,%,2024 Скорр.,год,2024,,True,,,исходный пропуск
Количество магазинов (на конец периода),Пятёрочка (2),#,2024 Скорр.,год,2024,,True,23588,23588.0,число
Количество магазинов (на конец периода),Перекрёсток,#,2024 Скорр.,год,2024,,True,986,986.0,число
Количество магазинов (на конец периода),Чижик,#,2024 Скорр.,год,2024,,True,2346,2346.0,число
Количество магазинов (на конец периода),Итого (6),#,2024 Скорр.,год,2024,,True,27015,27015.0,число
Торговая площадь,Пятёрочка(2),000 кв. м,2024 Скорр.,год,2024,,True,9177.964,9177.964,число
Торговая площадь,Перекрёсток,000 кв. м,2024 Скорр.,год,2024,,True,1096.345,1096.345,число
Торговая площадь,Чижик,000 кв. м,2024 Скорр.,год,2024,,True,686.702,686.702,число
Торговая площадь,Итого (6),000 кв. м,2024 Скорр.,год,2024,,True,11062.348,11062.348,число
Чистая розничная выручка (1),Пятёрочка (2),млн руб.,2025 (2),год,2025,,False,3613554,3613554.0,число
Чистая розничная выручка (1),"Пятёрочка (2) — рост г-к-г,%",%,2025 (2),год,2025,,False,0.16,0.16,число
Чистая розничная выручка (1),Перекрёсток,млн руб.,2025 (2),год,2025,,False,531127,531127.0,число
Чистая розничная выручка (1),"Перекрёсток — рост г-к-г,%",%,2025 (2),год,2025,,False,0.082,0.082,число
Чистая розничная выручка (1),Чижик,млн руб.,2025 (2),год,2025,,False,417500,417500.0,число
Чистая розничная выручка (1),"Чижик — рост г-к-г,%",%,2025 (2),год,2025,,False,0.673,0.673,число
Чистая розничная выручка (1),Итого (3),млн руб.,2025 (2),год,2025,,False,4573633,4573633.0,число
Чистая розничная выручка (1),"Итого (3) — рост г-к-г,%",%,2025 (2),год,2025,,False,0.184,0.184,число
LFL - Пятёрочка (2),Продажи,%,2025 (2),год,2025,,False,0.106,0.106,число
LFL - Пятёрочка (2),Трафик,%,2025 (2),год,2025,,False,0.014,0.014,число
LFL - Пятёрочка (2),Средний чек,%,2025 (2),год,2025,,False,0.091,0.091,число
LFL - Перекрёсток,Продажи,%,2025 (2),год,2025,,False,0.077,0.077,число
LFL - Перекрёсток,Трафик,%,2025 (2),год,2025,,False,-0.022,-0.022,число
LFL - Перекрёсток,Средний чек,%,2025 (2),год,2025,,False,0.101,0.101,число
LFL - Чижик,Продажи,%,2025 (2),год,2025,,False,0.261,0.261,число
LFL - Чижик,Трафик,%,2025 (2),год,2025,,False,0.116,0.116,число
LFL - Чижик,Средний чек,%,2025 (2),год,2025,,False,0.13,0.13,число
Количество магазинов (на конец периода),Пятёрочка (2),#,2025 (2),год,2025,,False,25533,25533.0,число
Количество магазинов (на конец периода),Перекрёсток,#,2025 (2),год,2025,,False,1004,1004.0,число
Количество магазинов (на конец периода),Чижик,#,2025 (2),год,2025,,False,3253,3253.0,число
Количество магазинов (на конец периода),Итого (6),#,2025 (2),год,2025,,False,29790,29790.0,число
Торговая площадь,Пятёрочка(2),000 кв. м,2025 (2),год,2025,,False,9859.131,9859.131,число
Торговая площадь,Перекрёсток,000 кв. м,2025 (2),год,2025,,False,1105.495,1105.495,число
Торговая площадь,Чижик,000 кв. м,2025 (2),год,2025,,False,947.475,947.475,число
Торговая площадь,Итого (6),000 кв. м,2025 (2),год,2025,,False,11912.101,11912.101,число