Раздел,Показатель,Период,Значение
Чистая розничная выручка (1),Пятёрочка (2),2024 Скорр.,3114117.0
Чистая розничная выручка (1),"Пятёрочка (2) — рост г-к-г,%",2024 Скорр.,
Чистая розничная выручка (1),Перекрёсток,2024 Скорр.,490991.0
Чистая розничная выручка (1),"Перекрёсток — рост г-к-г,%",2024 Скорр.,
Чистая розничная выручка (1),Чижик,2024 Скорр.,249501.0
Чистая розничная выручка (1),"Чижик — рост г-к-г,%",2024 Скорр.,
Чистая розничная выручка (1),Итого (3),2024 Скорр.,3861420.0
Чистая розничная выручка (1),"Итого (3) — рост г-к-г,%",2024 Скорр.,
LFL - Пятёрочка (2),Продажи,2024 Скорр.,0.14
LFL - Пятёрочка (2),Трафик,2024 Скорр.,0.029
LFL - Пятёрочка (2),Средний чек,2024 Скорр.,0.107
LFL - Перекрёсток,Продажи,2024 Скорр.,0.145
LFL - Перекрёсток,Трафик,2024 Скорр.,0.025
LFL - Перекрёсток,Средний чек,2024 Скорр.,0.117
LFL - Чижик,Продажи,2024 Скорр.,
LFL - Чижик,Трафик,2024 Скорр.,
LFL - Чижик,Средний чек,2024 Скорр.,
Количество магазинов (на конец периода),Пятёрочка (2),2024 Скорр.,23588.0
Количество магазинов (на конец периода),Перекрёсток,2024 Скорр.,986.0
Количество магазинов (на конец периода),Чижик,2024 Скорр.,2346.0
Количество магазинов (на конец периода),Итого (6),2024 Скорр.,27015.0
Торговая площадь,Пятёрочка(2),2024 Скорр.,9177.964
Торговая площадь,Перекрёсток,2024 Скорр.,1096.345
Торговая площадь,Чижик,2024 Скорр.,686.702
Торговая площадь,Итого (6),2024 Скорр.,11062.348
Чистая розничная выручка (1),Пятёрочка (2),2025 (2),3613554.0
Чистая розничная выручка (1),"Пятёрочка (2) — рост г-к-г,%",2025 (2),0.16
Чистая розничная выручка (1),Перекрёсток,2025 (2),531127.0
Чистая розничная выручка (1),"Перекрёсток — рост г-к-г,%",2025 (2),0.082
Чистая розничная выручка (1),Чижик,2025 (2),417500.0
Чистая розничная выручка (1),"Чижик — рост г-к-г,%",2025 (2),0.673
Чистая розничная выручка (1),Итого (3),2025 (2),4573633.0
Чистая розничная выручка (1),"Итого (3) — рост г-к-г,%",2025 (2),0.184
LFL - Пятёрочка (2),Продажи,2025 (2),0.106
LFL - Пятёрочка (2),Трафик,2025 (2),0.014
LFL - Пятёрочка (2),Средний чек,2025 (2),0.091
LFL - Перекрёсток,Продажи,2025 (2),0.077
LFL - Перекрёсток,Трафик,2025 (2),-0.022
LFL - Перекрёсток,Средний чек,2025 (2),0.101
LFL - Чижик,Продажи,2025 (2),0.261
LFL - Чижик,Трафик,2025 (2),0.116
LFL - Чижик,Средний чек,2025 (2),0.13
Количество магазинов (на конец периода),Пятёрочка (2),2025 (2),25533.0
Количество магазинов (на конец периода),Перекрёсток,2025 (2),1004.0
Количество магазинов (на конец периода),Чижик,2025 (2),3253.0
Количество магазинов (на конец периода),Итого (6),2025 (2),29790.0
Торговая площадь,Пятёрочка(2),2025 (2),9859.131
Торговая площадь,Перекрёсток,2025 (2),1105.495
Торговая площадь,Чижик,2025 (2),947.475
Торговая площадь,Итого (6),2025 (2),11912.101
